title,price,noDiscountPrice,detail,image,rate,stars
26 Letter Name Initial Baby Pacifier and Clip BlingBling Pink Rhinestones Baby Soother Lollipop Chupeta Sucette Baby Shower Gift,US $4.20,US $20.99,//aliexpress.ru/item/1005002333152115.html?gps-id=5547572&scm=1007.19201.130907.0&scm_id=1007.19201.130907.0&scm-url=1007.19201.130907.0&pvid=59ea70d2-7885-4b5e-99e1-c4e2c4df0b77,//ae01.alicdn.com/kf/Hf4e522d5220e44b0aaa8074693f6ea4eU.jpg_350x350.jpg,94.1,4.7
SIPENGJEL Geometric Oval Hoop Earrings Sets Punk Hip Hop Metal Prevent Allergy Earrings For Women Party Jewelry Gift 2021,US $3.15,US $15.00,//aliexpress.ru/item/1005002129893008.html?gps-id=5547572&scm=1007.19201.130907.0&scm_id=1007.19201.130907.0&scm-url=1007.19201.130907.0&pvid=59ea70d2-7885-4b5e-99e1-c4e2c4df0b77,//ae01.alicdn.com/kf/Hf71c777f581045838e4dc65c9242a683v.jpg_350x350.jpg,91.4,4.6
Sport True Wireless Earbuds TWS  Wireless Earphones Bluetooth 5.0 Wireless Headphone Bass Stereo Hook Ear headset W/Charging Box,US $17.99,US $85.67,//aliexpress.ru/item/4000561953804.html?gps-id=5547572&scm=1007.19201.130907.0&scm_id=1007.19201.130907.0&scm-url=1007.19201.130907.0&pvid=59ea70d2-7885-4b5e-99e1-c4e2c4df0b77,//ae01.alicdn.com/kf/He892223ff1f041e88963b6b0ade969f3V.jpg_350x350.jpg,97.9,4.9
180% deep wave frontal wig 360 lace front wig  Pre-Plucked full 13x4 human hair wigs for Women Brazilian curly human hair wig,US $164.15,US $469.00,//aliexpress.ru/item/4000356984864.html?gps-id=5547572&scm=1007.19201.130907.0&scm_id=1007.19201.130907.0&scm-url=1007.19201.130907.0&pvid=59ea70d2-7885-4b5e-99e1-c4e2c4df0b77,//ae01.alicdn.com/kf/H55e2205692964d23a80c12af44504175a.jpg_350x350.jpg,95.9,4.8
earrings sweet girl heart wind French gentle long asymmetric pearl earrings super fairy earrings,US $2.47,US $11.24,//aliexpress.ru/item/4001119946189.html?gps-id=5547572&scm=1007.19201.130907.0&scm_id=1007.19201.130907.0&scm-url=1007.19201.130907.0&pvid=59ea70d2-7885-4b5e-99e1-c4e2c4df0b77,//ae01.alicdn.com/kf/H9cb475bac9b94e43bb1dd82addfd8d87k.jpg_350x350.jpg,95.1,4.8
Travel Ultralight Folding Chair Superhard High Load Outdoor Camping Chair Portable Beach Hiking Picnic Seat Fishing Tools Chair,US $21.29,US $88.70,//aliexpress.ru/item/32963667433.html?gps-id=5547572&scm=1007.19201.130907.0&scm_id=1007.19201.130907.0&scm-url=1007.19201.130907.0&pvid=59ea70d2-7885-4b5e-99e1-c4e2c4df0b77,//ae01.alicdn.com/kf/H8dccebd5b6304c44a0d4d60b66116d26V.jpg_350x350.jpg,97.3,4.9
NAGARAKU Individual Eyelash Makeup High Quality New Material Super Soft Natural Manual Fans-making Lashes 16 Lines Matte Black,US $2.86,US $12.99,//aliexpress.ru/item/4000196743120.html?gps-id=5547572&scm=1007.19201.130907.0&scm_id=1007.19201.130907.0&scm-url=1007.19201.130907.0&pvid=59ea70d2-7885-4b5e-99e1-c4e2c4df0b77,//ae01.alicdn.com/kf/Hefa5d3515065444c9ab0a1252d4a47dc1.jpg_350x350.jpg,94.4,4.7
Sougayilang Saltwater Fishing Reels TRA-30 Trolling Drum Fishing Reel Saltwater Right Hand Fishing Reel Max Drag 28kg Pesca,US $60.87,US $276.70,//aliexpress.ru/item/4000064780552.html?gps-id=5547572&scm=1007.19201.130907.0&scm_id=1007.19201.130907.0&scm-url=1007.19201.130907.0&pvid=59ea70d2-7885-4b5e-99e1-c4e2c4df0b77,//ae01.alicdn.com/kf/H625068fbcc77465fa4de1326f640efefG.jpg_350x350.jpg,100.0,5.0
2020 New Flower Silver Necklace Sterling Silver Design Fine Jewelry Trendy Engagement Necklaces for Women Wedding Pendants K056,US $2.99,US $19.96,//aliexpress.ru/item/4001126580347.html?gps-id=5547572&scm=1007.19201.130907.0&scm_id=1007.19201.130907.0&scm-url=1007.19201.130907.0&pvid=59ea70d2-7885-4b5e-99e1-c4e2c4df0b77,//ae01.alicdn.com/kf/H4cd36981e7ee4cbdb867803db7b7602cG.jpg_350x350.jpg,96.0,4.8
Brown 13x6 Lace Front Wig Straight Honey Blonde Brazilian Remy Highlight Ombre Lace Front Human Hair Wigs For Women Bleach Knots,US $222.36,US $436.00,//aliexpress.ru/item/4000310477003.html?gps-id=5547572&scm=1007.19201.130907.0&scm_id=1007.19201.130907.0&scm-url=1007.19201.130907.0&pvid=59ea70d2-7885-4b5e-99e1-c4e2c4df0b77,//ae01.alicdn.com/kf/H2385096f8739431b82a5d18ad812dc3fS.jpg_350x350.jpg,93.4,4.7
LIGE Watches Mens Top Brand Luxury Clock Casual Stainless Steel Hour Luminous Men Watch Waterproof Sports Quartz Chronograph+Box,US $26.09,US $289.90,//aliexpress.ru/item/1005002625189651.html?gps-id=5547572&scm=1007.19201.130907.0&scm_id=1007.19201.130907.0&scm-url=1007.19201.130907.0&pvid=24e72271-ec96-444e-9a02-6bbdc499a3a1,//ae01.alicdn.com/kf/H26c74488767449438c7a3b5c9a05f75bx.jpg_350x350.jpg,99.4,5.0
LIGE Watch Top Brand Man Watches with Chronograph Sports Waterproof Clock Man Watches Military Luxury Men's Watch Analog Quartz,US $17.09,US $189.90,//aliexpress.ru/item/4001276643467.html?gps-id=5547572&scm=1007.19201.130907.0&scm_id=1007.19201.130907.0&scm-url=1007.19201.130907.0&pvid=24e72271-ec96-444e-9a02-6bbdc499a3a1,//ae01.alicdn.com/kf/H28ea26b9810d4c1a9094d31487494c4eQ.jpg_350x350.jpg,90.7,4.5
2021 LIGE New Rose Gold Women Watch Business Quartz Watch Ladies Top Brand Luxury Female Wrist Watch Girl Clock Relogio Feminin,US $19.79,US $219.90,//aliexpress.ru/item/32993322685.html?gps-id=5547572&scm=1007.19201.130907.0&scm_id=1007.19201.130907.0&scm-url=1007.19201.130907.0&pvid=24e72271-ec96-444e-9a02-6bbdc499a3a1,//ae01.alicdn.com/kf/H0475a8d957c84bb89eeab919d8f2bd52b.jpg_350x350.jpg,90.3,4.5
Non-Slip Acupressure Cushion Massage Mat Body Pain Spike Fitness Pilates Exercise Pillow Yoga Mat Gift Bag Applicator kuznetsov,US $15.82,US $125.48,//aliexpress.ru/item/4000407127702.html?gps-id=5547572&scm=1007.19201.130907.0&scm_id=1007.19201.130907.0&scm-url=1007.19201.130907.0&pvid=24e72271-ec96-444e-9a02-6bbdc499a3a1,//ae01.alicdn.com/kf/Hea4c58747c7d49d6ad12daebdd16b882q.jpg_350x350.jpg,95.1,4.8
"Bluedio Particle, Wireless Earphone, Bluetooth 5.0, Bass, Waterproof Earbuds, Wireless Headset, Sport, Charging Box, Mic",US $13.76,US $85.99,//aliexpress.ru/item/4000631726597.html?gps-id=5547572&scm=1007.19201.130907.0&scm_id=1007.19201.130907.0&scm-url=1007.19201.130907.0&pvid=24e72271-ec96-444e-9a02-6bbdc499a3a1,//ae01.alicdn.com/kf/H48255096b049415b94cad091dfb91f5bC.jpg_350x350.jpg,94.6,4.7
Rose Flower Coffee Mixing Spoon Dessert Scoop Afternoon Tea Pastry Spoon Rainbow Ice-cream Snack Cutlery Kit Christmas 8pcs/pack,US $7.50,US $49.99,//aliexpress.ru/item/32757169784.html?gps-id=5547572&scm=1007.19201.130907.0&scm_id=1007.19201.130907.0&scm-url=1007.19201.130907.0&pvid=24e72271-ec96-444e-9a02-6bbdc499a3a1,//ae01.alicdn.com/kf/Hfa91411d93a04d0b98e0e0aa6364f1e7S.jpg_350x350.jpg,94.0,4.7
"Wireless Earphone, Bluedio Particle, Bass, Waterproof Earbuds, Wireless Headset, Sport, Charging Box, Mic",US $13.76,US $85.99,//aliexpress.ru/item/1005001607840172.html?gps-id=5547572&scm=1007.19201.130907.0&scm_id=1007.19201.130907.0&scm-url=1007.19201.130907.0&pvid=24e72271-ec96-444e-9a02-6bbdc499a3a1,//ae01.alicdn.com/kf/H3675c98ad06c4078b20839a52b53563eg.jpg_350x350.jpg,91.3,4.6
LIGE 2021 Smart watch Ladies Full touch Screen Sports Fitness watch IP67 waterproof Bluetooth For Android iOS Smart watch Female,US $24.88,US $155.50,//aliexpress.ru/item/1005002541333244.html?gps-id=5547572&scm=1007.19201.130907.0&scm_id=1007.19201.130907.0&scm-url=1007.19201.130907.0&pvid=24e72271-ec96-444e-9a02-6bbdc499a3a1,//ae01.alicdn.com/kf/Hae230a4b8cc14cca86fa5358aee6780ad.jpg_350x350.jpg,93.0,4.7
CISSDEN 40mm New Men's Mechanical Watch Sapphire Stainless Steel Automatic Waterproof Business Watch Men Relogio Masculino 2020,US $71.99,US $449.95,//aliexpress.ru/item/1005001968256925.html?gps-id=5547572&scm=1007.19201.130907.0&scm_id=1007.19201.130907.0&scm-url=1007.19201.130907.0&pvid=24e72271-ec96-444e-9a02-6bbdc499a3a1,//ae01.alicdn.com/kf/H37802fe61c9a42f08ef9b47c196131110.jpg_350x350.jpg,97.5,4.9
LIGE 2021 New Smart Watch Men Heart Rate Blood Pressure Information Reminder Sport Waterproof Smart Watch for Android IOS Phone,US $33.99,US $199.95,//aliexpress.ru/item/1005002281250442.html?gps-id=5547572&scm=1007.19201.130907.0&scm_id=1007.19201.130907.0&scm-url=1007.19201.130907.0&pvid=24e72271-ec96-444e-9a02-6bbdc499a3a1,//ae01.alicdn.com/kf/Hd39b35c98baf4f2e8cb4ece3bd764206q.jpg_350x350.jpg,91.4,4.6
Bob Wig Short Brazilian Bone Straight Cheap Human Hair Wigs For Black Women Black Wig T Part Lace Bob Human Hair Wig Pre Plucked,US $66.52,US $135.75,//aliexpress.ru/item/1005002034148124.html?gps-id=5547572&scm=1007.19201.130907.0&scm_id=1007.19201.130907.0&scm-url=1007.19201.130907.0&pvid=4fd2db09-9345-4cb5-846b-6a488adbaa86,//ae01.alicdn.com/kf/H8c55b5afedd14d48b65beb974505d13bL.jpg_350x350.jpg,95.8,4.8
Curly Human Hair Wig Lace Front Human Hair Wigs Brazilian Deep Wave Wig Transparent Lace Wig Pre Plucked Wig With Baby Hair,US $62.08,US $388.00,//aliexpress.ru/item/1005001929521247.html?gps-id=5547572&scm=1007.19201.130907.0&scm_id=1007.19201.130907.0&scm-url=1007.19201.130907.0&pvid=4fd2db09-9345-4cb5-846b-6a488adbaa86,//ae01.alicdn.com/kf/H14e35ac149574959b0a71b553be5ac5e8.jpg_350x350.jpg,95.3,4.8
TWS Bluetooth 5.0 Earphones 3500mAh Charging Box Wireless Headphone 9D Stereo Sports Waterproof Earbuds Headsets With Microphone,US $12.54,US $48.25,//aliexpress.ru/item/1005001723025465.html?gps-id=5547572&scm=1007.19201.130907.0&scm_id=1007.19201.130907.0&scm-url=1007.19201.130907.0&pvid=4fd2db09-9345-4cb5-846b-6a488adbaa86,//ae01.alicdn.com/kf/H340b9f25ca8a4cbd83917726c5b7dc71j.jpg_350x350.jpg,95.6,4.8
BOAMIGO 2021 New Top Brand Luxury Fashion Men Watches Gold Stainless Steel Sport Square Digital Analog Big Quartz Watch for Men,US $21.59,US $239.90,//aliexpress.ru/item/1005001694507261.html?gps-id=5547572&scm=1007.19201.130907.0&scm_id=1007.19201.130907.0&scm-url=1007.19201.130907.0&pvid=4fd2db09-9345-4cb5-846b-6a488adbaa86,//ae01.alicdn.com/kf/Hd6169ffda16741bb8154f55f4e659abbG.jpg_350x350.jpg,96.5,4.8
LIGE Top Brand Luxury Fashion Diver Watch Men 30ATM Waterproof Date Clock Sport Watches Mens Quartz Wristwatch Relogio Masculino,US $23.19,US $289.90,//aliexpress.ru/item/4001349152860.html?gps-id=5547572&scm=1007.19201.130907.0&scm_id=1007.19201.130907.0&scm-url=1007.19201.130907.0&pvid=4fd2db09-9345-4cb5-846b-6a488adbaa86,//ae01.alicdn.com/kf/H981512a58afe4c3282ef5ac1c0ad079dZ.jpg_350x350.jpg,93.8,4.7
LED Strips Lights Bluetooth Luces Led RGB 5050 SMD 2835 Flexible Waterproof Tape Diode 5M 10M 15M DC 12V Remote Control+Adapter,US $4.59,US $11.76,//aliexpress.ru/item/1005001551150863.html?gps-id=5547572&scm=1007.19201.130907.0&scm_id=1007.19201.130907.0&scm-url=1007.19201.130907.0&pvid=4fd2db09-9345-4cb5-846b-6a488adbaa86,//ae01.alicdn.com/kf/H14b35199e7fd494199ec902f152c1f98j.jpg_350x350.jpg,96.3,4.8
Sunset Projection Lamp Rainbow Atmosphere Led Night Light Sunset Light For Home Bedroom Background Wall Tiktok USB Table Lamp,US $10.16,US $28.00,//aliexpress.ru/item/1005002372547714.html?gps-id=5547572&scm=1007.19201.130907.0&scm_id=1007.19201.130907.0&scm-url=1007.19201.130907.0&pvid=4fd2db09-9345-4cb5-846b-6a488adbaa86,//ae01.alicdn.com/kf/Hfa84a4f98a9d42b89b8b618edb80b329H.jpg_350x350.jpg,96.3,4.8
ADOREHOUSE Wall-Mount Paper Towel Holder Sauce Bottle Rack 4 In 1 Cling Film Cutting Holder Mutifunction Kitchen Organizer,US $13.47,US $61.24,//aliexpress.ru/item/4000522323524.html?gps-id=5547572&scm=1007.19201.130907.0&scm_id=1007.19201.130907.0&scm-url=1007.19201.130907.0&pvid=4fd2db09-9345-4cb5-846b-6a488adbaa86,//ae01.alicdn.com/kf/H5316a1c49d6b40c2acc9e9a6786778a2X.jpg_350x350.jpg,91.2,4.6
2021 LIGE New Watch Men Automatic Mechanical Tourbillon Clock Fashion Sport Diving Watch 100ATM Waterproof Luminous Watches Mens,US $44.99,US $749.90,//aliexpress.ru/item/4001256161069.html?gps-id=5547572&scm=1007.19201.130907.0&scm_id=1007.19201.130907.0&scm-url=1007.19201.130907.0&pvid=4fd2db09-9345-4cb5-846b-6a488adbaa86,//ae01.alicdn.com/kf/H8168ce20d7134f2093da5de763f345b2r.jpg_350x350.jpg,96.0,4.8
WISHDOIT Swiss Watch Men's Mechanical Automatic Hollow Watch Large Dial Waterproof Luminous 2021 New Men's Fashion Watch Luxury,US $41.39,US $459.90,//aliexpress.ru/item/1005001332514866.html?gps-id=5547572&scm=1007.19201.130907.0&scm_id=1007.19201.130907.0&scm-url=1007.19201.130907.0&pvid=4fd2db09-9345-4cb5-846b-6a488adbaa86,//ae01.alicdn.com/kf/Hd72e76d6b9c44c21a6234f497dabb9bfZ.png_350x350.png,94.3,4.7
2021 LIGE Watches Mens Top Brand Luxury Clock Casual Leathe 24Hour Moon Phase Men Watch Sports Waterproof Quartz Chronograph+Box,US $19.79,US $219.90,//aliexpress.ru/item/1005002364931804.html?gps-id=5547572&scm=1007.19201.130907.0&scm_id=1007.19201.130907.0&scm-url=1007.19201.130907.0&pvid=d6fa8c84-762c-46ac-8499-4292ddad805a,//ae01.alicdn.com/kf/H546502573b354eca8491aac1f10606461.jpg_350x350.jpg,95.8,4.8
LIGE 2021 New Women Smart Watch Heart Rate Blood Pressure Sports Multi-Function Watch Ladies Physiological Function Smartwatch,US $26.99,US $149.95,//aliexpress.ru/item/1005002559420423.html?gps-id=5547572&scm=1007.19201.130907.0&scm_id=1007.19201.130907.0&scm-url=1007.19201.130907.0&pvid=d6fa8c84-762c-46ac-8499-4292ddad805a,//ae01.alicdn.com/kf/H65bd910d36aa47d9a7939cff22afed0cn.jpg_350x350.jpg,99.2,5.0
ALLNeon Vintage 2000s Floral Pattern Purple Crop Tops Y2K Aesthetics Summer Spaghetti Straped Backless Mesh Cami Cute Sleeveless,US $7.63,US $16.58,//aliexpress.ru/item/1005002247832274.html?gps-id=5547572&scm=1007.19201.130907.0&scm_id=1007.19201.130907.0&scm-url=1007.19201.130907.0&pvid=d6fa8c84-762c-46ac-8499-4292ddad805a,//ae01.alicdn.com/kf/Haa5c877b6e59491aad5ff79c681cf774a.jpg_350x350.jpg,93.6,4.7
Men Shoes 2021 Breathable White Trendy Sneakers Men Original Casual Light Walking Big Size Man Tennis Shoe Zapatillas Hombre,US $15.47,US $37.72,//aliexpress.ru/item/4000069871474.html?gps-id=5547572&scm=1007.19201.130907.0&scm_id=1007.19201.130907.0&scm-url=1007.19201.130907.0&pvid=d6fa8c84-762c-46ac-8499-4292ddad805a,//ae01.alicdn.com/kf/H013eefc7e18b470b8b4ae56bb416177f2.jpg_350x350.jpg,94.7,4.7
0-12 Months 26 Name Initials Luxury Baby Pacifier With Chain  BlingBling Infant Soother BPA Free Newborn Feeding Sucette Chupete,US $1.99,US $20.99,//aliexpress.ru/item/1005001840756516.html?gps-id=5547572&scm=1007.19201.130907.0&scm_id=1007.19201.130907.0&scm-url=1007.19201.130907.0&pvid=d6fa8c84-762c-46ac-8499-4292ddad805a,//ae01.alicdn.com/kf/Hdd2577977c484d5da639eff2851b6e7bs.jpg_350x350.jpg,95.8,4.8
26 Letter Name Initial Baby Pacifier And Clips BPA Free Silicone Dummy Nipples BlingBling Blue Rhinestones Baby Soother Sucette,US $4.20,US $20.99,//aliexpress.ru/item/1005002333183398.html?gps-id=5547572&scm=1007.19201.130907.0&scm_id=1007.19201.130907.0&scm-url=1007.19201.130907.0&pvid=d6fa8c84-762c-46ac-8499-4292ddad805a,//ae01.alicdn.com/kf/Hf297a4de44844e57ab9cf3c2a30c98fcO.jpg_350x350.jpg,100.0,5.0
0.5L Mini Electric Kettle Tea Coffee Stainless Steel 1000W Portable Travel Water Boiler Pot For Hotel Family Trip Sonifer,US $31.13,US $155.65,//aliexpress.ru/item/32841685425.html?gps-id=5547572&scm=1007.19201.130907.0&scm_id=1007.19201.130907.0&scm-url=1007.19201.130907.0&pvid=d6fa8c84-762c-46ac-8499-4292ddad805a,//ae01.alicdn.com/kf/H02a6dc507bdc4c29ae768723650246197.jpg_350x350.jpg,95.8,4.8
0.6L Travel Kettle Mini Electric Kettle Stainless Steel Cordless Portable 600W Heating Electric Water Boiler Teapot Pot Sonifer,US $16.47,US $82.37,//aliexpress.ru/item/32977370373.html?gps-id=5547572&scm=1007.19201.130907.0&scm_id=1007.19201.130907.0&scm-url=1007.19201.130907.0&pvid=d6fa8c84-762c-46ac-8499-4292ddad805a,//ae01.alicdn.com/kf/Hb8ca255bbd0b497ca7b6623bda267ac6c.jpg_350x350.jpg,96.0,4.8
Portable perros House Large Small Dogs Outdoor Dog Cage Ð´Ð»Ñ� Ñ�Ð¾Ð±Ð°Ðº Houses For Foldable Indoor Playpen Puppy Cats Pet Dog Bed Tent,US $27.16,US $129.34,//aliexpress.ru/item/4001291016622.html?gps-id=5547572&scm=1007.19201.130907.0&scm_id=1007.19201.130907.0&scm-url=1007.19201.130907.0&pvid=d6fa8c84-762c-46ac-8499-4292ddad805a,//ae01.alicdn.com/kf/Hbd88ff722cf04fa19154914ab7e18a6bT.jpg_350x350.jpg,95.6,4.8
17KM Vintage Geometric Gold Metal Earrings Set For Women Punk Pearl Dangle Drop Earrings 2021 Trend Set of Earrings Jewelry,US $0.01,US $2.98,//aliexpress.ru/item/1005002628412252.html?gps-id=5547572&scm=1007.19201.130907.0&scm_id=1007.19201.130907.0&scm-url=1007.19201.130907.0&pvid=d6fa8c84-762c-46ac-8499-4292ddad805a,//ae01.alicdn.com/kf/Hf3b95df453a54ef29f1aa89ef697c21aS.jpg_350x350.jpg,97.0,4.8
30 inch Deep Wave 13x4 13x6 Frontal Human Hair Wigs Pre Plucked Brazilian 5x5 Lace Closure Loose Water Curly Wig For Black Women,US $49.00,US $132.44,//aliexpress.ru/item/1005002339488477.html?gps-id=5547572&scm=1007.19201.130907.0&scm_id=1007.19201.130907.0&scm-url=1007.19201.130907.0&pvid=821f1875-8b20-4b4b-ba38-a3c3c05d655e,//ae01.alicdn.com/kf/Hb8cc2fe729d247b49f1f3695dc41fe03e.jpg_350x350.jpg,93.6,4.7
30 Inch Body Wave Lace Front Wig 13x4 Lace Frontal Human Hair Wigs for Black Women Brazilian Pre-plucked HD Loose Deep Wave Wigs,US $239.58,US $479.16,//aliexpress.ru/item/1005002449179324.html?gps-id=5547572&scm=1007.19201.130907.0&scm_id=1007.19201.130907.0&scm-url=1007.19201.130907.0&pvid=821f1875-8b20-4b4b-ba38-a3c3c05d655e,//ae01.alicdn.com/kf/Hbbdcbe416c4c45688e295f6af33b7fc6C.jpg_350x350.jpg,97.9,4.9
TWS Bluetooth 5.0 Earphones 2200mAh Charging Box Wireless Headphone 9D Stereo Sports Waterproof Earbuds Headsets With Microphone,US $13.21,US $38.86,//aliexpress.ru/item/4000539506338.html?gps-id=5547572&scm=1007.19201.130907.0&scm_id=1007.19201.130907.0&scm-url=1007.19201.130907.0&pvid=821f1875-8b20-4b4b-ba38-a3c3c05d655e,//ae01.alicdn.com/kf/H7f70d9a7a498465aa5d70077c7c7d781R.jpg_350x350.jpg,94.5,4.7
30Pcs/Set 3D Colorful Butterfly Nail Foil Stickers Flower Brand Designs Self Adhesive Decals Manicure Nail Art Decorations,US $0.99,US $6.76,//aliexpress.ru/item/1005002613570665.html?gps-id=5547572&scm=1007.19201.130907.0&scm_id=1007.19201.130907.0&scm-url=1007.19201.130907.0&pvid=821f1875-8b20-4b4b-ba38-a3c3c05d655e,//ae01.alicdn.com/kf/Hd791866301e9490f917b34f22d72c12bg.jpg_350x350.jpg,95.4,4.8
100% Human Hair Wig With Bangs Short Bob Human Hair Wigs For Black Women Cheap Brazilian Straight Black 30 Inch Long Fringe Wig,US $113.27,US $231.16,//aliexpress.ru/item/1005001309962492.html?gps-id=5547572&scm=1007.19201.130907.0&scm_id=1007.19201.130907.0&scm-url=1007.19201.130907.0&pvid=821f1875-8b20-4b4b-ba38-a3c3c05d655e,//ae01.alicdn.com/kf/Hd4954f55676f4853ae21ec5538e639e99.jpg_350x350.jpg,92.4,4.6
Deep Tissue Muscle Massage Gun Body Shoulder Back Neck Massager Exercising Athletes Relaxation Slimming Shaping Pain Relief,US $43.14,US $102.72,//aliexpress.ru/item/4000517004580.html?gps-id=5547572&scm=1007.19201.130907.0&scm_id=1007.19201.130907.0&scm-url=1007.19201.130907.0&pvid=821f1875-8b20-4b4b-ba38-a3c3c05d655e,//ae01.alicdn.com/kf/H52b540a8f64144fc9842032a1439ea041.jpg_350x350.jpg,97.1,4.9
3500mAh TWS Bluetooth Wireless Headphone 9D Stereo Sports Bluetooth Earphones LED Waterproof Earbuds Headsets with Microphone,US $13.59,US $79.95,//aliexpress.ru/item/1005001572895258.html?gps-id=5547572&scm=1007.19201.130907.0&scm_id=1007.19201.130907.0&scm-url=1007.19201.130907.0&pvid=821f1875-8b20-4b4b-ba38-a3c3c05d655e,//ae01.alicdn.com/kf/H4257fbaff9f1486c91f5bde4bbe8a817M.jpg_350x350.jpg,96.5,4.8
LIGE 2021 New Smart Watch Men Full Touch Screen Sport Fitness Watch IP67 Waterproof Bluetooth For Android ios smartwatch Men+box,US $22.21,US $138.83,//aliexpress.ru/item/1005002278750230.html?gps-id=5547572&scm=1007.19201.130907.0&scm_id=1007.19201.130907.0&scm-url=1007.19201.130907.0&pvid=821f1875-8b20-4b4b-ba38-a3c3c05d655e,//ae01.alicdn.com/kf/H3194642cf29641eab1becd4353c1841dk.jpg_350x350.jpg,93.5,4.7
water wave human hair bundles curly deep brazilian hair weave bundles long hair extension 30 inch 1 3 4 bundles remy extensions,US $14.34,US $28.69,//aliexpress.ru/item/4001153932483.html?gps-id=5547572&scm=1007.19201.130907.0&scm_id=1007.19201.130907.0&scm-url=1007.19201.130907.0&pvid=821f1875-8b20-4b4b-ba38-a3c3c05d655e,//ae01.alicdn.com/kf/H8388937c87184c5d983cf29439418248w.jpg_350x350.jpg,95.1,4.8
CURREN Casual Sport Watches for Men Blue Top Brand Luxury Military Leather Wrist Watch Man Clock Fashion Chronograph Wristwatch,US $19.19,US $239.90,//aliexpress.ru/item/32982338666.html?gps-id=5547572&scm=1007.19201.130907.0&scm_id=1007.19201.130907.0&scm-url=1007.19201.130907.0&pvid=821f1875-8b20-4b4b-ba38-a3c3c05d655e,//ae01.alicdn.com/kf/H391b315a25064cfcbe5a2341dd12f8d51.jpg_350x350.jpg,95.6,4.8
LIGE Men Watches 2021 New Fashion Leather Waterproof Luminous Top Brand Luxury Mens Quartz Wristwatch Men Relogio Masculino+box,US $19.79,US $219.90,//aliexpress.ru/item/1005002223893530.html?gps-id=5547572&scm=1007.19201.130907.0&scm_id=1007.19201.130907.0&scm-url=1007.19201.130907.0&pvid=ff30f7aa-e94a-4123-abc3-bf466af0ba0f,//ae01.alicdn.com/kf/Hba2880b93dc541ce9a7139e091c1eae9Q.jpg_350x350.jpg,93.6,4.7
Watches Mens LIGE Top Brand Waterproof Clock Male Silicone Strap Sport Quartz Watch For Men Big Dial Chronograph Wristwatch 2021,US $23.39,US $259.90,//aliexpress.ru/item/1005001946226159.html?gps-id=5547572&scm=1007.19201.130907.0&scm_id=1007.19201.130907.0&scm-url=1007.19201.130907.0&pvid=ff30f7aa-e94a-4123-abc3-bf466af0ba0f,//ae01.alicdn.com/kf/H0e6fd8da7d8f479189576c44b3a50e4by.jpg_350x350.jpg,96.3,4.8
LIGE Fashion Women Watch Top Brand Luxury Ladies Mesh Belt Ultra-thin Watch Stainless Steel Waterproof Quartz Watch Reloj Mujer,US $15.29,US $169.90,//aliexpress.ru/item/33048094893.html?gps-id=5547572&scm=1007.19201.130907.0&scm_id=1007.19201.130907.0&scm-url=1007.19201.130907.0&pvid=ff30f7aa-e94a-4123-abc3-bf466af0ba0f,//ae01.alicdn.com/kf/HTB1MgfOd2WG3KVjSZFgq6zTspXaa.jpg_350x350.jpg,97.2,4.9
MISSFOX Magnetic Watch Women Luxury Brand Waterproof Diamond Women Watches Hollow Blue Quartz Elegant Gold Ladies Wrist Watch,US $17.09,US $189.90,//aliexpress.ru/item/4000575536603.html?gps-id=5547572&scm=1007.19201.130907.0&scm_id=1007.19201.130907.0&scm-url=1007.19201.130907.0&pvid=ff30f7aa-e94a-4123-abc3-bf466af0ba0f,//ae01.alicdn.com/kf/H0052fa9c46fd498bb7595c97004361f8E.jpg_350x350.jpg,92.5,4.6
2020 LIGE Mens Watch Top Brand Luxury Fashion Business Watch Men's Mechanical Watch Calendar Waterproof Clock reloj hombre+Box,US $21.59,US $239.90,//aliexpress.ru/item/4001252319792.html?gps-id=5547572&scm=1007.19201.130907.0&scm_id=1007.19201.130907.0&scm-url=1007.19201.130907.0&pvid=ff30f7aa-e94a-4123-abc3-bf466af0ba0f,//ae01.alicdn.com/kf/H24badff9901143fc87e97bdaae28e50aX.jpg_350x350.jpg,94.6,4.7
10pcs Bubble Envelope bag white Bubble PolyMailer Self Seal mailing bags Padded Envelopes For Magazine Lined Mailer,US $0.92,US $5.11,//aliexpress.ru/item/1005002734505277.html?gps-id=5547572&scm=1007.19201.130907.0&scm_id=1007.19201.130907.0&scm-url=1007.19201.130907.0&pvid=ff30f7aa-e94a-4123-abc3-bf466af0ba0f,//ae01.alicdn.com/kf/Hb8a2f6bbf15645b8bdf0f407c6fa1189K.jpg_350x350.jpg,98.9,4.9
JBL T180A In-Ear Stereo Earphones 3.5mm Wired Sport Gaming Headset Pure Bass Earbuds Handsfree With microphone,US $15.50,US $155.00,//aliexpress.ru/item/1005001585752633.html?gps-id=5547572&scm=1007.19201.130907.0&scm_id=1007.19201.130907.0&scm-url=1007.19201.130907.0&pvid=ff30f7aa-e94a-4123-abc3-bf466af0ba0f,//ae01.alicdn.com/kf/H801830ccdc8e4fe081afdc0a3ff93bc8i.jpg_350x350.jpg,92.9,4.6
2021 NEW BRAND Mirrored Green lens pit viper Sunglasses polarized men sport goggle tr90 frame uv400 protection with case,US $11.56,US $96.30,//aliexpress.ru/item/1005001762465270.html?gps-id=5547572&scm=1007.19201.130907.0&scm_id=1007.19201.130907.0&scm-url=1007.19201.130907.0&pvid=ff30f7aa-e94a-4123-abc3-bf466af0ba0f,//ae01.alicdn.com/kf/H04fc47f0e2be4c37812af876de67646d9.jpg_350x350.jpg,96.6,4.8
AILANG 2021 new authentic watch men's mechanical luminous watch automatic hollow fashion business mechanical men's watch,US $54.45,US $495.00,//aliexpress.ru/item/1005002685842444.html?gps-id=5547572&scm=1007.19201.130907.0&scm_id=1007.19201.130907.0&scm-url=1007.19201.130907.0&pvid=ff30f7aa-e94a-4123-abc3-bf466af0ba0f,//ae01.alicdn.com/kf/H02657ad6549e45fda05168de4e3cae6bT.jpg_350x350.jpg,100.0,5.0
Stainless Steel Kitchen Knives Set Tools Forged Kitchen Knife Scissors Ceramic Peeler Chef Slicer Nakiri Paring Knife Gift Case,US $19.85,US $124.06,//aliexpress.ru/item/4001125171156.html?gps-id=5547572&scm=1007.19201.130907.0&scm_id=1007.19201.130907.0&scm-url=1007.19201.130907.0&pvid=ff30f7aa-e94a-4123-abc3-bf466af0ba0f,//ae01.alicdn.com/kf/H672ca903c36c4657a50ec65cf2bd8fe1R.jpg_350x350.jpg,96.1,4.8
Multifunction Mens Watches LIGE Top Brand Luxury Casual Quartz Watch Men Sport Waterproof Clock Silver Watches Relogio Masculino,US $15.29,US $169.90,//aliexpress.ru/item/4000752314185.html?gps-id=5547572&scm=1007.19201.130907.0&scm_id=1007.19201.130907.0&scm-url=1007.19201.130907.0&pvid=0bb793a0-1c9f-442a-b525-074e1ae62d97,//ae01.alicdn.com/kf/Haadec53378ea43d0bb665031c062961fQ.jpg_350x350.jpg,90.9,4.5
MEGIR Men's Big Dial Luxury Top Brand Quartz Wristwatches Creative Business Stainless Steel Sports Watches Men Relogio Masculino,US $22.41,US $249.00,//aliexpress.ru/item/32871363738.html?gps-id=5547572&scm=1007.19201.130907.0&scm_id=1007.19201.130907.0&scm-url=1007.19201.130907.0&pvid=0bb793a0-1c9f-442a-b525-074e1ae62d97,//ae01.alicdn.com/kf/H78a6eb4841cd473da8df47b6bde2ab23A.jpg_350x350.jpg,92.9,4.6
2020 New BENYAR Top Brand Luxury Automatic Mechanical Men's Watches Men Fashion Waterproof Sport Watch Mens Watches Reloj Hombre,US $46.74,US $274.95,//aliexpress.ru/item/1005001639172761.html?gps-id=5547572&scm=1007.19201.130907.0&scm_id=1007.19201.130907.0&scm-url=1007.19201.130907.0&pvid=0bb793a0-1c9f-442a-b525-074e1ae62d97,//ae01.alicdn.com/kf/Hd0d82f8255d1410ca5bcf7850f8f4a4c2.jpg_350x350.jpg,97.6,4.9
LIGE 2021 New Full touch Female Digital watch waterproof Sports suitable for Android IOS multifunction Electronic watch male+Box,US $23.79,US $139.95,//aliexpress.ru/item/1005002244631821.html?gps-id=5547572&scm=1007.19201.130907.0&scm_id=1007.19201.130907.0&scm-url=1007.19201.130907.0&pvid=0bb793a0-1c9f-442a-b525-074e1ae62d97,//ae01.alicdn.com/kf/H6ba1fd91e77046f0b3f6a1e8c3912f20D.jpg_350x350.jpg,96.4,4.8
5000mAh Powerful Flashlight XHP160.2 LED XHP50.2 Waterproof IPX6 Zoom Torch 5Modes USB Rechargeable Lamp Use 18650/26650 Battery,US $24.34,US $143.18,//aliexpress.ru/item/1005002059553162.html?gps-id=5547572&scm=1007.19201.130907.0&scm_id=1007.19201.130907.0&scm-url=1007.19201.130907.0&pvid=0bb793a0-1c9f-442a-b525-074e1ae62d97,//ae01.alicdn.com/kf/H2044c070b0484973af7fe7f081c32785G.jpg_350x350.jpg,95.4,4.8
"Zhoutu 1500W Planetary Mixer with 5.5L Stainless Steel Bowl ,Kitchen Stand Mixer Meat Grinder Juicer Blender Cake Food Processor",US $114.07,US $670.98,//aliexpress.ru/item/4001282298407.html?gps-id=5547572&scm=1007.19201.130907.0&scm_id=1007.19201.130907.0&scm-url=1007.19201.130907.0&pvid=0bb793a0-1c9f-442a-b525-074e1ae62d97,//ae01.alicdn.com/kf/H857eec580285457a9c5c37a0d99532079.jpg_350x350.jpg,95.8,4.8
Kinky Curly Wigs 150% Density 13x4 Curly Lace Front Human Hair Wigs For Women Pre Plucked Deep Wave Wigs Mongolian Remy Hair,US $293.76,"US $1,088.00",//aliexpress.ru/item/4001207827318.html?gps-id=5547572&scm=1007.19201.130907.0&scm_id=1007.19201.130907.0&scm-url=1007.19201.130907.0&pvid=0bb793a0-1c9f-442a-b525-074e1ae62d97,//ae01.alicdn.com/kf/H455f122a34944a418cf1d5e40026383eO.jpg_350x350.jpg,96.7,4.8
IMAGIC 30 Colors Eye Shadow Pearlescent Makeup Glitter Pigment Smoky Eye Shadow Palette Waterproof Summer swimming Cosmetic Eye,US $15.65,US $86.95,//aliexpress.ru/item/4001028300922.html?gps-id=5547572&scm=1007.19201.130907.0&scm_id=1007.19201.130907.0&scm-url=1007.19201.130907.0&pvid=0bb793a0-1c9f-442a-b525-074e1ae62d97,//ae01.alicdn.com/kf/H7a5b3b021ff04b4eaec7fb25b95cb272k.jpg_350x350.jpg,91.1,4.6
LIGE 2020 New Smart Watch Women Men Heart Rate Blood Pressure Information Remind Sport Multifunctional Waterproof Smartwatch+Box,US $21.59,US $119.95,//aliexpress.ru/item/1005001505454648.html?gps-id=5547572&scm=1007.19201.130907.0&scm_id=1007.19201.130907.0&scm-url=1007.19201.130907.0&pvid=0bb793a0-1c9f-442a-b525-074e1ae62d97,//ae01.alicdn.com/kf/H22cf60ca057c45d69c3ca6ad193cd6650.jpg_350x350.jpg,92.9,4.6
Gmei Optical Urltra-Light TR90 Cat Eye Style Women Optical Glasses Frames Optic Glasses Frame For Women Myopia Spectacles M1697,US $8.99,US $49.95,//aliexpress.ru/item/32852454214.html?gps-id=5547572&scm=1007.19201.130907.0&scm_id=1007.19201.130907.0&scm-url=1007.19201.130907.0&pvid=0bb793a0-1c9f-442a-b525-074e1ae62d97,//ae01.alicdn.com/kf/HTB1i9BQXm8YBeNkSnb4q6yevFXak.jpg_350x350.jpg,96.7,4.8
2021 Men Watches LIGE Brand Sport Watches For Mens Quartz Clock Man Casual Military Waterproof Wrist Watch relogio masculino+Box,US $19.39,US $215.50,//aliexpress.ru/item/1005002213102997.html?gps-id=5547572&scm=1007.19201.130907.0&scm_id=1007.19201.130907.0&scm-url=1007.19201.130907.0&pvid=f3c499bd-f149-4d61-ae9a-1837ecd25f3b,//ae01.alicdn.com/kf/H9f5e92449b664486b89818843a5174458.jpg_350x350.jpg,96.5,4.8
Fashion Brand Men Sports Watches with Nylon Strap Digital Analog Watch Army Military Waterproof Male LED  Relogio Masculino gift,US $15.29,US $169.90,//aliexpress.ru/item/32731813167.html?gps-id=5547572&scm=1007.19201.130907.0&scm_id=1007.19201.130907.0&scm-url=1007.19201.130907.0&pvid=f3c499bd-f149-4d61-ae9a-1837ecd25f3b,//ae01.alicdn.com/kf/HTB1l.zSNXXXXXcZaFXXq6xXFXXXa.jpg_350x350.jpg,98.7,4.9
LIGE  Top Brand Luxury Waterproof Watch Womens Watches  Fashion Ladies Stainless Steel Ultra-Thin Casual Wristwatch Quartz Clock,US $13.49,US $149.90,//aliexpress.ru/item/1005002085539011.html?gps-id=5547572&scm=1007.19201.130907.0&scm_id=1007.19201.130907.0&scm-url=1007.19201.130907.0&pvid=f3c499bd-f149-4d61-ae9a-1837ecd25f3b,//ae01.alicdn.com/kf/Hdd185c136c9f4d61915c4d28cfc719daE.jpg_350x350.jpg,96.0,4.8
WWOOR Small Watch Women Luxury Brand Everyday Dress Bracelet Watches Silver Stainless Steel Diamond Wrist Watch For Women Clocks,US $12.59,US $139.90,//aliexpress.ru/item/4001351690363.html?gps-id=5547572&scm=1007.19201.130907.0&scm_id=1007.19201.130907.0&scm-url=1007.19201.130907.0&pvid=f3c499bd-f149-4d61-ae9a-1837ecd25f3b,//ae01.alicdn.com/kf/H4afe431e1e3e4536b99d74cebc726983u.jpg_350x350.jpg,95.8,4.8
Brand Ailang watch men's automatic winding mechanical watch stainless steel waterproof fashion business men's watch 2021 new,US $54.45,US $495.00,//aliexpress.ru/item/1005002685995048.html?gps-id=5547572&scm=1007.19201.130907.0&scm_id=1007.19201.130907.0&scm-url=1007.19201.130907.0&pvid=f3c499bd-f149-4d61-ae9a-1837ecd25f3b,//ae01.alicdn.com/kf/Hd089015d2848459fab2f9472b66da02aC.jpg_350x350.jpg,97.9,4.9
Women Sandals 2021 Heels Sandals Peep Top Summer Shoes Women Platform Sandals Soft Wedges Shoes Sandalias Mujer Casual Footwear,US $11.93,US $51.88,//aliexpress.ru/item/1005002378017951.html?gps-id=5547572&scm=1007.19201.130907.0&scm_id=1007.19201.130907.0&scm-url=1007.19201.130907.0&pvid=f3c499bd-f149-4d61-ae9a-1837ecd25f3b,//ae01.alicdn.com/kf/H1ef5a5457e4c4d81b07fde9e3ec109613.jpg_350x350.jpg,93.5,4.7
Blue Colored Bob Human Hair Wigs For Women Straight Non Lace Front Wig Full Machine Made Wigs Brazilian Remy Blue Bob Wig 180%,US $27.98,US $199.88,//aliexpress.ru/item/1005001877243395.html?gps-id=5547572&scm=1007.19201.130907.0&scm_id=1007.19201.130907.0&scm-url=1007.19201.130907.0&pvid=f3c499bd-f149-4d61-ae9a-1837ecd25f3b,//ae01.alicdn.com/kf/H543205066cbd483dbd6063f7d8847588d.jpg_350x350.jpg,99.8,5.0
JM Spring Hinge Men Women Retro Computer Glasses Frame Vintage Pilot Blue Light Glasses,US $2.28,US $17.52,//aliexpress.ru/item/1005001313108419.html?gps-id=5547572&scm=1007.19201.130907.0&scm_id=1007.19201.130907.0&scm-url=1007.19201.130907.0&pvid=f3c499bd-f149-4d61-ae9a-1837ecd25f3b,//ae01.alicdn.com/kf/H97c690f716b74654868f6a8dfcd151bc6.jpg_350x350.jpg,94.5,4.7
OUPINKE Men Automatic Mechanical Watch Swiss Movement Sapphire Mirror Men Automatic Tungsten Steel Strap Classic Luxury Watches,US $189.00,"US $1,350.00",//aliexpress.ru/item/1005002081771297.html?gps-id=5547572&scm=1007.19201.130907.0&scm_id=1007.19201.130907.0&scm-url=1007.19201.130907.0&pvid=f3c499bd-f149-4d61-ae9a-1837ecd25f3b,//ae01.alicdn.com/kf/H3a78bd3bdaf44e0a83c6876ecf92b2bec.jpg_350x350.jpg,100.0,5.0
LIGE New P8 1.4 inch Full Touch Women Digital Watches Waterproof Sports For xiaomi iPhone Multifunctional  Electronic Watch Men,US $26.09,US $144.95,//aliexpress.ru/item/4001011104103.html?gps-id=5547572&scm=1007.19201.130907.0&scm_id=1007.19201.130907.0&scm-url=1007.19201.130907.0&pvid=f3c499bd-f149-4d61-ae9a-1837ecd25f3b,//ae01.alicdn.com/kf/H7fb26422e02d439ca9a02c37f8011f60a.jpg_350x350.jpg,95.2,4.8
Reloj Hombre LIGE All Gold Watches Mens 2020 Luxury Fashion Quartz Wristwatch Analog Chronograph Men Watch Waterproof Clock+Box,US $19.79,US $219.90,//aliexpress.ru/item/4000895023626.html?gps-id=5547572&scm=1007.19201.130907.0&scm_id=1007.19201.130907.0&scm-url=1007.19201.130907.0&pvid=87902ccc-6e2c-4e9c-baaa-9963a2126978,//ae01.alicdn.com/kf/Hd1325677be544c30bb3e6f07a59cf597X.jpg_350x350.jpg,97.0,4.9
NAVIFORCE Military Fashion Gold Watch Men Luxury Quartz Wristwatch Sport Casual Clock Wateproof Watches Relogio Masculino 2019,US $19.79,US $219.90,//aliexpress.ru/item/33010662186.html?gps-id=5547572&scm=1007.19201.130907.0&scm_id=1007.19201.130907.0&scm-url=1007.19201.130907.0&pvid=87902ccc-6e2c-4e9c-baaa-9963a2126978,//ae01.alicdn.com/kf/H0faf9c30a3634c7c99d6e89f03453e67V.jpg_350x350.jpg,98.1,4.9
GEJIAN Smart Watch Men Women Bluetooth Call Smartwatch ECG Fitness Tracker Waterproof 1.69 inch touch screen For Android iOS,US $29.69,US $164.95,//aliexpress.ru/item/1005002255741946.html?gps-id=5547572&scm=1007.19201.130907.0&scm_id=1007.19201.130907.0&scm-url=1007.19201.130907.0&pvid=87902ccc-6e2c-4e9c-baaa-9963a2126978,//ae01.alicdn.com/kf/Hb77b6beb0ae142399370b92985ea4fdd5.jpg_350x350.jpg,95.5,4.8
GEJIAN New Bluetooth Call Smart Watch Men Women Music Player smartwatch For Xiaomi Huawei Phone Recording Sports Fitness Tracker,US $33.29,US $184.95,//aliexpress.ru/item/1005002474344653.html?gps-id=5547572&scm=1007.19201.130907.0&scm_id=1007.19201.130907.0&scm-url=1007.19201.130907.0&pvid=87902ccc-6e2c-4e9c-baaa-9963a2126978,//ae01.alicdn.com/kf/H4a512d0771e2410aaac5159eafaaac6bR.jpg_350x350.jpg,98.2,4.9
40mm New PAGANI DESIGN GMT Men Mechanical Watch Sapphire Stainless Steel Sports Waterproof Business Watch Men Relogio Masculino,US $98.99,US $549.95,//aliexpress.ru/item/1005002701817831.html?gps-id=5547572&scm=1007.19201.130907.0&scm_id=1007.19201.130907.0&scm-url=1007.19201.130907.0&pvid=87902ccc-6e2c-4e9c-baaa-9963a2126978,//ae01.alicdn.com/kf/H9bdf58a056314863b53c942a22a13b4au.jpg_350x350.jpg,100.0,5.0
PAGANI DESIGN New Men's Automatic Mechanical Watches Waterproof 100M Luxury Sapphire Stainless Steel GMT Watch Men Reloj Hombre,US $98.99,US $549.95,//aliexpress.ru/item/1005002694945752.html?gps-id=5547572&scm=1007.19201.130907.0&scm_id=1007.19201.130907.0&scm-url=1007.19201.130907.0&pvid=87902ccc-6e2c-4e9c-baaa-9963a2126978,//ae01.alicdn.com/kf/H99d13d9ab2424bf1b35e4ff46e5a795bE.jpg_350x350.jpg,93.3,4.7
Hard Storage Travel Case for Electronic Shooting Earmuffs Compatible Impact Hearing Protection Shooter Safety Eyewear Glasses,US $15.29,US $84.95,//aliexpress.ru/item/1005002003185442.html?gps-id=5547572&scm=1007.19201.130907.0&scm_id=1007.19201.130907.0&scm-url=1007.19201.130907.0&pvid=87902ccc-6e2c-4e9c-baaa-9963a2126978,//ae01.alicdn.com/kf/H5ec09dcf5fb64786bbba6a618d927361G.jpg_350x350.jpg,98.2,4.9
hot sell rider tarot cards for divination personal use tarot deck full English version,US $0.01,US $2.69,//aliexpress.ru/item/4001110073431.html?gps-id=5547572&scm=1007.19201.130907.0&scm_id=1007.19201.130907.0&scm-url=1007.19201.130907.0&pvid=87902ccc-6e2c-4e9c-baaa-9963a2126978,//ae01.alicdn.com/kf/H7713f89e303f419583de9ec8b6b519c54.jpg_350x350.jpg,95.8,4.8
LED Strip Light DC5V SMD 2835 Flexible Lamp 1M 2M 3M 4M 5M Tape Diode Desk Screen TV Background Lighting USB Cable 3 Key Control,US $0.01,US $5.14,//aliexpress.ru/item/1005001823332546.html?gps-id=5547572&scm=1007.19201.130907.0&scm_id=1007.19201.130907.0&scm-url=1007.19201.130907.0&pvid=87902ccc-6e2c-4e9c-baaa-9963a2126978,//ae01.alicdn.com/kf/Ha43701a26c61447e9bfa76c42a048482K.jpg_350x350.jpg,94.1,4.7
AUSDOM AF640 Web Camera Full HD 1080P Autofocus For Video Conference Webcam With Microphone For PC,US $28.00,US $139.99,//aliexpress.ru/item/4001263557674.html?gps-id=5547572&scm=1007.19201.130907.0&scm_id=1007.19201.130907.0&scm-url=1007.19201.130907.0&pvid=87902ccc-6e2c-4e9c-baaa-9963a2126978,//ae01.alicdn.com/kf/H495b25ab1a3e48a990173517170028f0e.jpg_350x350.jpg,97.6,4.9
Loose Deep Wave Lace Front Wig Brazilian Transparent Lace Closure Wig 13x4 Lace Front Wigs For Black Women Remy Wig Pre Plucked,US $193.12,US $429.15,//aliexpress.ru/item/4000965758221.html?gps-id=5547572&scm=1007.19201.130907.0&scm_id=1007.19201.130907.0&scm-url=1007.19201.130907.0&pvid=418750c7-2673-4ce1-91d7-9fb7fe665932,//ae01.alicdn.com/kf/H16aedaa5d10446e8b472bead70b07cf6H.jpg_350x350.jpg,97.7,4.9
Straight Lace Front Human Hair Wigs for Women 30 40 Inch Brazilian Natural Hd Glueless Full Transparent 13x4 Lace Frontal Wig,US $168.88,US $337.76,//aliexpress.ru/item/1005002466096506.html?gps-id=5547572&scm=1007.19201.130907.0&scm_id=1007.19201.130907.0&scm-url=1007.19201.130907.0&pvid=418750c7-2673-4ce1-91d7-9fb7fe665932,//ae01.alicdn.com/kf/Hd8120477fe9b4fa1ba640c030aa5fca6a.jpg_350x350.jpg,99.3,5.0
Shengke New Design Women Watches Elegant 32 MM Dial Blue Mesh Band Reloj Mujer Japanese Quartz Movement  Luxury Relogio Feminino,US $13.43,US $167.90,//aliexpress.ru/item/4001231411717.html?gps-id=5547572&scm=1007.19201.130907.0&scm_id=1007.19201.130907.0&scm-url=1007.19201.130907.0&pvid=418750c7-2673-4ce1-91d7-9fb7fe665932,//ae01.alicdn.com/kf/Hdfa7d536e7c94d87bdfac372f9fee516C.jpg_350x350.jpg,98.2,4.9
LIGE Watch For Men Top Brand Luxury Waterproof 24 Hour Date Quartz Clock Brown Leather Sports WristWatch Relogio Masculino 2021,US $17.09,US $189.90,//aliexpress.ru/item/32999073045.html?gps-id=5547572&scm=1007.19201.130907.0&scm_id=1007.19201.130907.0&scm-url=1007.19201.130907.0&pvid=418750c7-2673-4ce1-91d7-9fb7fe665932,//ae01.alicdn.com/kf/H196abb6122eb4d70b6d39b3a3ee14563R.jpg_350x350.jpg,96.7,4.8
CRRJU Luxury Fashion Woman Bracelet Watch Women Casual Waterproof Quartz Ladies Dress Watches Gift lover Clock relogio feminino,US $13.59,US $169.90,//aliexpress.ru/item/33055871578.html?gps-id=5547572&scm=1007.19201.130907.0&scm_id=1007.19201.130907.0&scm-url=1007.19201.130907.0&pvid=418750c7-2673-4ce1-91d7-9fb7fe665932,//ae01.alicdn.com/kf/HTB1E4Gne9WD3KVjSZSgq6ACxVXai.jpg_350x350.jpg,97.8,4.9
CRRJU Fashion Blue Men Watch Top Luxury Brand Minimalist Ultra-thin Quartz Watch Casual Waterproof Clock Relogio Masculino,US $13.59,US $169.90,//aliexpress.ru/item/4000404227349.html?gps-id=5547572&scm=1007.19201.130907.0&scm_id=1007.19201.130907.0&scm-url=1007.19201.130907.0&pvid=418750c7-2673-4ce1-91d7-9fb7fe665932,//ae01.alicdn.com/kf/H309b98139ecd4236b30bb516be9bceedV.jpg_350x350.jpg,98.4,4.9
DAIMI Starry Faceted Aquamarine Bracelet gemstones Female Yellow 14K Gold Injection Opal Bracelet Gift,US $13.41,US $149.00,//aliexpress.ru/item/4000938129457.html?gps-id=5547572&scm=1007.19201.130907.0&scm_id=1007.19201.130907.0&scm-url=1007.19201.130907.0&pvid=418750c7-2673-4ce1-91d7-9fb7fe665932,//ae01.alicdn.com/kf/H9fba61edcf9b446ab43cf6d5c13eeacdn.jpg_350x350.jpg,95.3,4.8
Gypsophila Aquamarine Necklace Female Gemstones Genuine Yellow 14K Cover Gold Color Treasure Clavicle Chain Pendant SHIHE,US $16.20,US $180.00,//aliexpress.ru/item/4000744740120.html?gps-id=5547572&scm=1007.19201.130907.0&scm_id=1007.19201.130907.0&scm-url=1007.19201.130907.0&pvid=418750c7-2673-4ce1-91d7-9fb7fe665932,//ae01.alicdn.com/kf/Hec2fb6a0520440469cb3f7a6ea7bb6792.jpg_350x350.jpg,96.6,4.8
LIGE 2020 New Smart Watch Women Heart Rate Women Menstrual Cycle Multifunction Ladies Smartwatch Fitness Tracker For Android IOS,US $35.99,US $399.90,//aliexpress.ru/item/1005001670889294.html?gps-id=5547572&scm=1007.19201.130907.0&scm_id=1007.19201.130907.0&scm-url=1007.19201.130907.0&pvid=418750c7-2673-4ce1-91d7-9fb7fe665932,//ae01.alicdn.com/kf/Hb2f3b8c766084acd853ae046c38880d4z.jpg_350x350.jpg,97.7,4.9
Ultra Bright XHP160 9 CORE LED Flashlight 5000mAH USB Rechargeable Zoom led 5Modes Tactial Flashlight Torch 18650/26650 Battery,US $24.74,US $274.89,//aliexpress.ru/item/1005002099936227.html?gps-id=5547572&scm=1007.19201.130907.0&scm_id=1007.19201.130907.0&scm-url=1007.19201.130907.0&pvid=418750c7-2673-4ce1-91d7-9fb7fe665932,//ae01.alicdn.com/kf/H3545ea0f6ebb4d53a4f9813eb22ba7bbb.jpg_350x350.jpg,92.9,4.6
